Model,MAE,RMSE,MAPE
SARIMA,19244.4853447402,19950.070419814456,0.2052643198700225
Prophet,20296.007410699105,22487.465695447176,0.2189258878232518
XGBoost,10896.1546875,15792.60693478576,0.10118894697127256
